ONTOLOGY	ID	Description	GeneRatio	BgRatio	pvalue	p.adjust	qvalue	geneID	Count
BP	GO:0030198	extracellular matrix organization	62/246	318/18903	1.92131870456489e-55	3.80455686744905e-52	2.53935433375752e-52	ADAMTS15/ADAMTS10/VWA1/EFEMP2/MMP7/COL5A2/COL14A1/ADAM10/KAZALD1/TNF/ADAMTS7/GAS6/CTSS/ADAMTS19/TNXB/COL4A5/ELN/LAMC1/ADAMTS8/PLOD3/ADAMTS6/MMP2/SULF1/CTSK/FMOD/ADAMTSL4/FBLN2/MMP24/LAMA1/COL12A1/TGFBI/COMP/PXDN/TGFB1/CTSV/MFAP4/CST3/MMP16/MMP25/ANXA2/COL18A1/LTBP3/FBLN1/LOX/MATN2/ADAMTS12/LUM/MMP17/MMP23B/POSTN/COL27A1/ADAMTS9/ADAM8/EMILIN1/SERPINF2/P4HA1/COL5A3/LAMB1/LAMB3/ADAMTS1/LOXL1/MMP15	62
BP	GO:0043062	extracellular structure organization	62/246	319/18903	2.36161195993113e-55	3.80455686744905e-52	2.53935433375752e-52	ADAMTS15/ADAMTS10/VWA1/EFEMP2/MMP7/COL5A2/COL14A1/ADAM10/KAZALD1/TNF/ADAMTS7/GAS6/CTSS/ADAMTS19/TNXB/COL4A5/ELN/LAMC1/ADAMTS8/PLOD3/ADAMTS6/MMP2/SULF1/CTSK/FMOD/ADAMTSL4/FBLN2/MMP24/LAMA1/COL12A1/TGFBI/COMP/PXDN/TGFB1/CTSV/MFAP4/CST3/MMP16/MMP25/ANXA2/COL18A1/LTBP3/FBLN1/LOX/MATN2/ADAMTS12/LUM/MMP17/MMP23B/POSTN/COL27A1/ADAMTS9/ADAM8/EMILIN1/SERPINF2/P4HA1/COL5A3/LAMB1/LAMB3/ADAMTS1/LOXL1/MMP15	62
BP	GO:0032963	collagen metabolic process	20/246	107/18903	7.81502710353617e-18	5.03600346551871e-15	3.3612842889525e-15	PCOLCE/MMP7/CTSS/TNXB/F2/PLOD3/MMP2/CTSK/MMP24/TGFB1/MFAP4/CST3/WNT4/MMP16/MMP25/MMP17/MMP23B/EMILIN1/SERPINF2/MMP15	20
BP	GO:0001503	ossification	34/246	429/18903	2.60454331740556e-17	1.39863976144678e-14	9.33523157449044e-15	FGF9/COL5A2/FSTL3/PTN/KAZALD1/TNF/ADAMTS7/FGF18/CLEC11A/IGF1/ECM1/MMP2/CTSK/VCAN/SFRP1/CTHRC1/COMP/MGP/TGFB1/MDK/WNT4/MMP16/LTBP3/CLEC3B/CRIM1/LOX/WNT5A/ADAMTS12/IGF2/TNC/SPP1/CCL3/FAM20C/FBN2	34
BP	GO:0051216	cartilage development	23/246	201/18903	1.9345265646876e-15	8.9043494163192e-13	5.9432146942207e-13	FGF9/OGN/ADAMTS7/EFEMP1/FGF18/WNT9A/ECM1/SULF1/CTSK/HYAL2/TGFBI/COMP/MGP/TGFB1/HYAL3/BGN/MDK/LTBP3/WNT5A/ADAMTS12/COL27A1/TSKU/TIMP1	23
BP	GO:0050920	regulation of chemotaxis	24/246	230/18903	3.78790741895114e-15	1.52557971298257e-12	1.01824932327858e-12	ADAM10/PLXNA3/PTN/GAS6/CCL21/LGALS9/PDGFD/CCL4/FGF18/SEMA4B/S100A14/SEMA6C/ANGPT2/SEMA4A/TGFB1/MDK/VEGFB/WNT5A/SEMA4C/ARTN/CCL5/CCL3/MEGF8/SEMA3C	24
BP	GO:0045785	positive regulation of cell adhesion	33/246	484/18903	6.4560255335957e-15	2.31125714102726e-12	1.54265031171181e-12	EFEMP2/IL1A/FSTL3/IL15/TNF/IGFBP2/CCL21/LGALS9/ANXA1/EBI3/EDIL3/LAMC1/IGF1/FBLN2/COL26A1/LAMA1/SFRP1/MMRN1/ADAM9/CX3CL1/S100A10/MDK/WNT4/EPO/LIF/FGB/WNT5A/IGF2/CCL5/ADAM8/EMILIN1/SERPINF2/LAMB1	33
BP	GO:0042060	wound healing	31/246	442/18903	2.12957618818646e-14	6.20180187866564e-12	4.13939731389915e-12	F12/IL1A/LRG1/ANXA5/TNF/GAS6/PF4/ANXA1/PDGFA/IGF1/F2/F10/COMP/MMRN1/CX3CL1/S100A10/TGFB1/SERPING1/WNT4/ANXA2/C1QTNF1/FGB/FBLN1/LOX/WNT5A/SERPINA10/EMILIN1/SERPINF2/TSKU/F13A1/TIMP1	31
BP	GO:0061448	connective tissue development	25/246	274/18903	2.25131076237454e-14	6.20180187866564e-12	4.13939731389915e-12	FGF9/OGN/ADAMTS7/PDGFD/EFEMP1/FGF18/WNT9A/ECM1/SULF1/CTSK/HYAL2/TGFBI/COMP/MGP/TGFB1/HYAL3/BGN/MDK/LTBP3/LOX/WNT5A/ADAMTS12/COL27A1/TSKU/TIMP1	25
BP	GO:1901342	regulation of vasculature development	28/246	355/18903	2.30979585797603e-14	6.20180187866564e-12	4.13939731389915e-12	IL1A/LRG1/ADAM10/TNF/TNFSF12/PF4/EGLN1/HSPG2/FGF18/ANGPTL4/ECM1/SULF1/ANGPT2/SERPINF1/SFRP1/ADAM12/S100A1/SEMA4A/MDK/WNT4/VEGFB/WNT5A/ADAMTS9/EMILIN1/DCN/PLXND1/ANXA3/ADAMTS1	28
BP	GO:0031589	cell-substrate adhesion	27/246	369/18903	4.18741194687624e-13	1.03783394560271e-10	6.92703045139122e-11	EFEMP2/FREM1/GAS6/CCL21/TNXB/EDIL3/LAMC1/LAMA5/ANGPT2/FBLN2/COL26A1/SFRP1/LAMC3/ADAM9/CX3CL1/S100A10/MDK/WNT4/FGB/FBLN1/ADAMTS12/MEGF9/ADAMTS9/EMILIN1/COL5A3/LAMB1/LAMB3	27
BP	GO:0060348	bone development	21/246	233/18903	3.73658686583795e-12	7.52455180108118e-10	5.02226774138614e-10	FREM1/OGN/FBN1/ADAMTS7/FGF18/IGF1/ECM1/SULF1/COMP/BGN/PDGFC/MMP16/ANXA2/LTBP3/SFRP4/LOX/ADAMTS12/COL27A1/TSKU/FAM20C/MEGF8	21
BP	GO:0010466	negative regulation of peptidase activity	22/246	263/18903	5.00592290846107e-12	9.48769624180092e-10	6.33256997026995e-10	CPAMD8/CSTB/TNF/GAS6/SERPINA3/ECM1/SERPINF1/CST4/NGF/SERPINB1/CST3/SERPING1/CST7/ANXA2/CRIM1/SLPI/CST2/SERPINA10/SERPINF2/CST1/PZP/TIMP1	22
BP	GO:0022612	gland morphogenesis	16/246	123/18903	5.70203891379437e-12	1.02066496556919e-09	6.81243596542801e-10	PTN/TNF/NTN1/PDGFA/MMP2/LAMA5/SULF1/LAMA1/SFRP1/TGFB1/MDK/WNT4/WNT5A/TNC/PLXND1/SEMA3C	16
BP	GO:0071560	cellular response to transforming growth factor beta stimulus	22/246	271/18903	9.07359010562973e-12	1.39587851434318e-09	9.31680160999416e-10	GDF15/FBN1/LRG1/LEFTY1/PDGFD/PDGFA/HTRA3/CTSK/FMOD/SFRP1/HYAL2/ADAM9/TGFB1/WNT4/LTBP3/CLEC3B/LOX/WNT5A/EMILIN1/LTBP1/LTBP4/FBN2	22
BP	GO:0002687	positive regulation of leukocyte migration	17/246	148/18903	9.44335173876025e-12	1.39587851434318e-09	9.31680160999416e-10	IL1A/ADAM10/PTN/TNF/GAS6/CCL21/LGALS9/PDGFD/CCL4/S100A14/CX3CL1/MDK/VEGFB/WNT5A/CCL5/ADAM8/CCL3	17
BP	GO:0007178	transmembrane receptor protein serine/threonine kinase signaling pathway	26/246	390/18903	9.64046919879581e-12	1.39587851434318e-09	9.31680160999416e-10	GDF15/FGF9/FBN1/LRG1/FSTL3/LEFTY1/HTRA3/SULF1/FMOD/SFRP1/COMP/ADAM9/TGFB1/GDF11/LTBP3/SFRP4/CRIM1/LOX/WNT5A/SFRP5/EMILIN1/LTBP1/LTBP4/MEGF8/FBN2/FSTL1	26
BP	GO:0030574	collagen catabolic process	11/246	45/18903	9.96437176595068e-12	1.39587851434318e-09	9.31680160999416e-10	MMP7/CTSS/MMP2/CTSK/MMP24/CST3/MMP16/MMP25/MMP17/MMP23B/MMP15	11
BP	GO:0071559	response to transforming growth factor beta	22/246	277/18903	1.39810236180681e-11	1.87695242072564e-09	1.25277330051373e-09	GDF15/FBN1/LRG1/LEFTY1/PDGFD/PDGFA/HTRA3/CTSK/FMOD/SFRP1/HYAL2/ADAM9/TGFB1/WNT4/LTBP3/CLEC3B/LOX/WNT5A/EMILIN1/LTBP1/LTBP4/FBN2	22
BP	GO:0032102	negative regulation of response to external stimulus	27/246	436/18903	2.05676511054191e-11	2.41786224510092e-09	1.6138039683561e-09	F12/PLXNA3/TNF/IL13/LGALS9/PDGFA/SEMA4B/IGF1/F2/SEMA6C/ANGPT2/SERPINF1/MMRN1/CX3CL1/SEMA4A/MDK/SERPING1/WNT4/CST7/ANXA2/C1QTNF1/FGB/WNT5A/SEMA4C/SPP1/SERPINF2/SEMA3C	27
BP	GO:0051346	negative regulation of hydrolase activity	25/246	373/18903	2.20381072554947e-11	2.41786224510092e-09	1.6138039683561e-09	CPAMD8/CSTB/TNF/GAS6/ANXA1/EGLN1/ANGPTL4/SERPINA3/ECM1/SERPINF1/CST4/NGF/SERPINB1/CST3/SERPING1/CST7/ANXA2/CRIM1/SLPI/CST2/SERPINA10/SERPINF2/CST1/PZP/TIMP1	25
BP	GO:0070555	response to interleukin-1	16/246	141/18903	4.71663116667513e-11	4.74905800594602e-09	3.1697623268149e-09	ADAMTS7/CCL21/LGALS9/ANXA1/CCL4/MMP2/SFRP1/HYAL2/CX3CL1/HYAL3/CCL14/EPO/FGB/ADAMTS12/CCL5/CCL3	16
BP	GO:0052547	regulation of peptidase activity	27/246	459/18903	6.61054057941009e-11	6.45429143844221e-09	4.30792165988351e-09	PCOLCE/CPAMD8/CSTB/TNF/GAS6/LGALS9/SERPINA3/TNFSF10/ECM1/SERPINF1/CST4/NGF/SERPINB1/CST3/SERPING1/CST7/ANXA2/CRIM1/FBLN1/SLPI/CST2/SERPINA10/CTSD/SERPINF2/CST1/PZP/TIMP1	27
BP	GO:0043410	positive regulation of MAPK cascade	28/246	496/18903	7.44361148817621e-11	7.05391653379522e-09	4.70814187936347e-09	GDF15/IL1A/TNF/GAS6/CCL21/LGALS9/PDGFD/CCL4/PDGFA/FGF18/IGF1/ADAM9/CX3CL1/TGFB1/PDGFC/CCL14/EPO/LIF/C1QTNF1/FGB/WNT5A/IGF2/SEMA4C/CCL5/ADAM8/SERPINF2/CCL3/IGFBP6	28
BP	GO:0032103	positive regulation of response to external stimulus	27/246	464/18903	8.43740633281886e-11	7.76723520124068e-09	5.18424695878163e-09	ADAM10/IL15/PTN/TNF/GAS6/CCL21/LGALS9/PDGFD/CCL4/FGF18/COLEC11/F2/S100A14/LGALS2/HYAL2/CX3CL1/TGFB1/MDK/VEGFB/WNT5A/ARTN/CCL5/ADAM8/EMILIN1/SERPINF2/CCL3/MEGF8	27
BP	GO:0048771	tissue remodeling	17/246	179/18903	1.9863972003692e-10	1.56101750721696e-08	1.04190230561085e-08	IL1A/IL15/PTN/MMP2/CTSK/SFRP1/CTHRC1/TGFB1/CST3/MDK/LIF/LTBP3/ADAM8/SPP1/RSPO3/SEMA3C/TIMP1	17
BP	GO:0060326	cell chemotaxis	22/246	319/18903	2.16194238494001e-10	1.65851865816112e-08	1.10697952191289e-08	ADAM10/PTN/GAS6/CCL21/LGALS9/PDGFD/PF4/ANXA1/CCL4/FGF18/MMP2/S100A14/CX3CL1/CXCL14/MDK/CCL14/VEGFB/LOX/WNT5A/CCL5/ADAM8/CCL3	22
BP	GO:0071674	mononuclear cell migration	18/246	206/18903	2.27298756226292e-10	1.69628857963595e-08	1.13218908432038e-08	ADAM10/TNF/GAS6/CCL21/LGALS9/PDGFD/ANXA1/CCL4/ECM1/S100A14/CX3CL1/MDK/CCL14/WNT5A/ARTN/CCL5/ADAM8/CCL3	18
BP	GO:1903035	negative regulation of response to wounding	13/246	94/18903	2.64730723701498e-10	1.85426606905701e-08	1.23763127808275e-08	F12/TNF/PDGFA/F2/MMRN1/MDK/SERPING1/WNT4/ANXA2/C1QTNF1/FGB/SPP1/SERPINF2	13
BP	GO:0001667	ameboidal-type cell migration	27/246	492/18903	3.11738701361562e-10	2.13706828890841e-08	1.42638783176186e-08	LRG1/S100A2/PTN/TNF/TNFSF12/ANXA1/FGF18/SEMA4B/LAMA5/SEMA6C/LGALS8/ANGPT2/SERPINF1/HYAL2/ADAM9/SEMA4A/TGFB1/WNT5A/SEMA4C/ADAMTS9/DCN/PLXND1/ANXA3/MEGF8/SEMA3C/TIMP1/FSTL1	27
BP	GO:0050767	regulation of neurogenesis	23/246	377/18903	9.18547149362201e-10	5.57715906202986e-08	3.72247899759124e-08	PLXNA3/PTN/TNF/NTN1/SEMA4B/F2/SEMA6C/SERPINF1/NGF/CX3CL1/SEMA4A/S100A10/TGFB1/MDK/ANXA2/LIF/CLCF1/WNT5A/SEMA4C/SPP1/PLXND1/MEGF8/SEMA3C	23
BP	GO:0007596	blood coagulation	18/246	225/18903	9.54770695326701e-10	5.59322032789569e-08	3.73319910153579e-08	F12/ANXA5/GAS6/PF4/PDGFA/F2/F10/COMP/MMRN1/SERPING1/ANXA2/C1QTNF1/FGB/FBLN1/SERPINA10/EMILIN1/SERPINF2/F13A1	18
BP	GO:0050817	coagulation	18/246	230/18903	1.35966764777797e-09	7.82294493060826e-08	5.22143045941804e-08	F12/ANXA5/GAS6/PF4/PDGFA/F2/F10/COMP/MMRN1/SERPING1/ANXA2/C1QTNF1/FGB/FBLN1/SERPINA10/EMILIN1/SERPINF2/F13A1	18
BP	GO:0007599	hemostasis	18/246	231/18903	1.45765485006299e-09	8.23958583667184e-08	5.49951774455897e-08	F12/ANXA5/GAS6/PF4/PDGFA/F2/F10/COMP/MMRN1/SERPING1/ANXA2/C1QTNF1/FGB/FBLN1/SERPINA10/EMILIN1/SERPINF2/F13A1	18
BP	GO:0051960	regulation of nervous system development	25/246	456/18903	1.50594200897252e-09	8.36576750501628e-08	5.5837377937039e-08	PLXNA3/PTN/TNF/NTN1/SEMA4B/F2/SEMA6C/SERPINF1/NGF/CX3CL1/SEMA4A/S100A10/TGFB1/MDK/CST7/ANXA2/LIF/CLCF1/WNT5A/SEMA4C/AGRN/SPP1/PLXND1/MEGF8/SEMA3C	25
BP	GO:0071347	cellular response to interleukin-1	13/246	111/18903	2.17056574498284e-09	1.14648570989093e-07	7.65222746678159e-08	ADAMTS7/CCL21/CCL4/MMP2/SFRP1/HYAL2/CX3CL1/HYAL3/CCL14/FGB/ADAMTS12/CCL5/CCL3	13
BP	GO:0010721	negative regulation of cell development	16/246	188/18903	3.43524569089729e-09	1.75688279620176e-07	1.17263273959953e-07	IL1A/FBN1/PLXNA3/PTN/TNF/NTN1/SEMA4B/IGF1/F2/SEMA6C/SEMA4A/FBLN1/WNT5A/SEMA4C/SPP1/SEMA3C	16
BP	GO:0040013	negative regulation of locomotion	23/246	419/18903	6.89917062646429e-09	3.26621659244268e-07	2.18003871356804e-07	PODN/PLXNA3/TNF/CCL21/SEMA4B/SULF1/SEMA6C/ANGPT2/SERPINF1/SFRP1/HYAL2/CX3CL1/SEMA4A/TGFB1/WNT4/FBLN1/WNT5A/SEMA4C/ADAMTS9/EMILIN1/DCN/SEMA3C/TIMP1	23
BP	GO:0030278	regulation of ossification	13/246	122/18903	6.99469102664634e-09	3.26621659244268e-07	2.18003871356804e-07	PTN/ECM1/SFRP1/COMP/MGP/TGFB1/MDK/WNT4/LTBP3/WNT5A/CCL3/FAM20C/FBN2	13
BP	GO:0048841	regulation of axon extension involved in axon guidance	8/246	33/18903	7.69748716976291e-09	3.50875989773535e-07	2.34192442453962e-07	PLXNA3/SEMA4B/SEMA6C/SEMA4A/WNT5A/SEMA4C/MEGF8/SEMA3C	8
BP	GO:0030282	bone mineralization	13/246	123/18903	7.73190418185009e-09	3.50875989773535e-07	2.34192442453962e-07	PTN/IGF1/ECM1/COMP/MGP/TGFB1/WNT4/LTBP3/CLEC3B/LOX/CCL3/FAM20C/FBN2	13
BP	GO:0050919	negative chemotaxis	9/246	47/18903	8.19266780113702e-09	3.66621884100882e-07	2.44702051428698e-07	PLXNA3/NTN1/PDGFA/SEMA4B/SEMA6C/SEMA4A/WNT5A/SEMA4C/SEMA3C	9
BP	GO:0048660	regulation of smooth muscle cell proliferation	15/246	175/18903	9.74937444680776e-09	4.18833126234861e-07	2.7955048413794e-07	FGF9/EFEMP2/OGN/IL15/TNF/IL13/PDGFD/ELN/IGF1/MMP2/CX3CL1/TGFB1/CCL5/SERPINF2/ADAMTS1	15
BP	GO:0001655	urogenital system development	21/246	360/18903	1.12342274502468e-08	4.7008676421682e-07	3.13759763237924e-07	FBN1/FRAS1/PDGFD/ANXA1/PDGFA/ADAMTS6/MMP2/LAMA5/SULF1/ANGPT2/SERPINF1/SFRP1/HYAL2/GDF11/WNT4/LIF/WNT5A/MMP17/TNC/PLXND1/ADAMTS1	21
BP	GO:0048659	smooth muscle cell proliferation	15/246	179/18903	1.32536229516954e-08	5.47476578850803e-07	3.65413653040671e-07	FGF9/EFEMP2/OGN/IL15/TNF/IL13/PDGFD/ELN/IGF1/MMP2/CX3CL1/TGFB1/CCL5/SERPINF2/ADAMTS1	15
BP	GO:0050730	regulation of peptidyl-tyrosine phosphorylation	18/246	266/18903	1.35161647893802e-08	5.51254214574467e-07	3.67935038836824e-07	IL15/TNF/IL13/GAS6/PDGFD/PDGFA/CSF3/IGF1/CTF1/SFRP1/HYAL2/TGFB1/PDGFC/EPO/LIF/CLCF1/IGF2/CCL5	18
BP	GO:0110148	biomineralization	15/246	181/18903	1.54056315300152e-08	6.20461809871364e-07	4.14127700208173e-07	PTN/GAS6/IGF1/ECM1/COMP/MGP/TGFB1/WNT4/LTBP3/CLEC3B/LOX/SPP1/CCL3/FAM20C/FBN2	15
BP	GO:0048146	positive regulation of fibroblast proliferation	9/246	53/18903	2.48945956663443e-08	9.54885562344776e-07	6.37339084540618e-07	S100A6/IL13/GAS6/PDGFD/PDGFA/IGF1/PDGFC/LIF/WNT5A	9
BP	GO:0050819	negative regulation of coagulation	9/246	54/18903	2.95373348225619e-08	1.1066196837011e-06	7.38614137607025e-07	F12/ANXA5/PDGFA/F2/SERPING1/ANXA2/C1QTNF1/FGB/SERPINF2	9
BP	GO:0001558	regulation of cell growth	22/246	422/18903	3.74395484649956e-08	1.37079801311609e-06	9.1494016165055e-07	ADAM10/PLXNA3/KAZALD1/NTN1/SEMA4B/IGF1/F2/MUC12/SEMA6C/SFRP1/HYAL2/NGF/SEMA4A/TGFB1/WNT5A/SEMA4C/TNC/EGLN2/SPP1/LTBP4/MEGF8/SEMA3C	22
BP	GO:0018126	protein hydroxylation	7/246	27/18903	4.12852353865163e-08	1.47801142683728e-06	9.86499835025178e-07	PLOD2/EGLN1/PLOD3/OGFOD1/P4HTM/EGLN2/P4HA1	7
BP	GO:0110149	regulation of biomineralization	11/246	105/18903	1.23106874033762e-07	3.88872890330178e-06	2.59553502219789e-06	PTN/GAS6/ECM1/COMP/MGP/TGFB1/WNT4/LTBP3/CCL3/FAM20C/FBN2	11
BP	GO:1905330	regulation of morphogenesis of an epithelium	9/246	65/18903	1.56778713131235e-07	4.72094405335364e-06	3.15099764807785e-06	TNF/PDGFA/SULF1/SFRP1/MDK/WNT4/LIF/WNT5A/ADAMTS12	9
BP	GO:0034612	response to tumor necrosis factor	16/246	254/18903	2.35387919374673e-07	6.42728708665419e-06	4.28989758503529e-06	ADAM10/TNF/ADAMTS7/GAS6/CCL21/CCL4/CTSK/SFRP1/HYAL2/ADAM9/CX3CL1/HYAL3/CCL14/ADAMTS12/CCL5/CCL3	16
BP	GO:0030195	negative regulation of blood coagulation	8/246	50/18903	2.45951213097702e-07	6.65928410588904e-06	4.44474416947019e-06	F12/PDGFA/F2/SERPING1/ANXA2/C1QTNF1/FGB/SERPINF2	8
BP	GO:0050679	positive regulation of epithelial cell proliferation	15/246	224/18903	2.58103603844849e-07	6.93008176323419e-06	4.62548826890374e-06	FGF9/LRG1/PTN/TNF/TNFSF12/LAMC1/IGF1/ECM1/SFRP1/MDK/VEGFB/WNT5A/IGF2/LAMB1/EGFL7	15
BP	GO:0051781	positive regulation of cell division	10/246	93/18903	3.6406372286663e-07	9.38410652061027e-06	6.2634289331918e-06	FGF9/IL1A/PTN/PDGFD/PDGFA/TGFB1/PDGFC/MDK/VEGFB/IGF2	10
BP	GO:0090132	epithelium migration	19/246	369/18903	3.98568870106641e-07	1.01117236179811e-05	6.74907751038432e-06	LRG1/S100A2/PTN/TNF/TNFSF12/ANXA1/FGF18/LGALS8/ANGPT2/SERPINF1/ADAM9/SEMA4A/TGFB1/WNT5A/ADAMTS9/DCN/PLXND1/ANXA3/FSTL1	19
BP	GO:0050671	positive regulation of lymphocyte proliferation	12/246	146/18903	4.76512317137101e-07	1.18101745062749e-05	7.88270982923965e-06	IL1A/IL15/IGFBP2/IL13/LGALS9/ANXA1/EBI3/IGF1/EPO/CLCF1/IGF2/CCL5	12
BP	GO:0002696	positive regulation of leukocyte activation	21/246	450/18903	4.86798556574024e-07	1.19352071244154e-05	7.96616294396441e-06	IL1A/IL15/TNF/IGFBP2/IL13/GAS6/CCL21/LGALS9/ANXA1/EBI3/IGF1/TGFB1/MDK/EPO/CLCF1/WNT5A/IGF2/CCL5/ADAM8/CCL3/TNFSF13	21
BP	GO:0061564	axon development	22/246	490/18903	4.94741460642915e-07	1.19853908736201e-05	7.99965812499782e-06	S100A6/PLXNA3/PTN/LAMC2/NTN1/SEMA4B/MMP2/LAMA5/SEMA6C/LAMA1/NGF/SEMA4A/LAMA3/WNT5A/SEMA4C/TNC/ARTN/SPP1/PLXND1/TSKU/MEGF8/SEMA3C	22
BP	GO:0002274	myeloid leukocyte activation	15/246	237/18903	5.31983904338609e-07	1.26033245571985e-05	8.41209842541623e-06	ADAM10/IL15/TNF/IL13/LGALS9/ANXA1/HYAL2/ADAM9/CX3CL1/CST7/WNT5A/CCL5/ANXA3/C1QA/CCL3	15
BP	GO:0016049	cell growth	22/246	493/18903	5.4821575782024e-07	1.28447125342731e-05	8.57321301170241e-06	ADAM10/PLXNA3/KAZALD1/NTN1/SEMA4B/IGF1/F2/MUC12/SEMA6C/SFRP1/HYAL2/NGF/SEMA4A/TGFB1/WNT5A/SEMA4C/TNC/EGLN2/SPP1/LTBP4/MEGF8/SEMA3C	22
BP	GO:2000242	negative regulation of reproductive process	9/246	75/18903	5.50145974466072e-07	1.28447125342731e-05	8.57321301170241e-06	IL1A/IGF1/SULF1/SERPINF1/HYAL3/WNT4/LIF/WNT5A/TIMP1	9
BP	GO:0032946	positive regulation of mononuclear cell proliferation	12/246	149/18903	5.93362383420022e-07	1.37540546717936e-05	9.18015410319655e-06	IL1A/IL15/IGFBP2/IL13/LGALS9/ANXA1/EBI3/IGF1/EPO/CLCF1/IGF2/CCL5	12
BP	GO:0071634	regulation of transforming growth factor beta production	7/246	39/18903	6.25969330560726e-07	1.43040651281323e-05	9.54725899466639e-06	IL13/LGALS9/CX3CL1/LUM/SERPINF2/LTBP1/TSKU	7
BP	GO:0010954	positive regulation of protein processing	6/246	26/18903	8.45954943887504e-07	1.85419512190853e-05	1.2375839243553e-05	F12/S100A10/ANXA2/CLEC3B/ADAM8/SPON1	6
BP	GO:0001649	osteoblast differentiation	15/246	246/18903	8.5309998007233e-07	1.85722171337368e-05	1.23960402509799e-05	FGF9/TNF/IGF1/VCAN/SFRP1/CTHRC1/WNT4/CRIM1/LOX/IGF2/TNC/SPP1/CCL3/FAM20C/FBN2	15
BP	GO:0048144	fibroblast proliferation	10/246	103/18903	9.48833120006023e-07	2.00378935792175e-05	1.33743070934501e-05	S100A6/IL13/GAS6/PDGFD/PDGFA/IGF1/SFRP1/PDGFC/LIF/WNT5A	10
BP	GO:0071604	transforming growth factor beta production	7/246	42/18903	1.0620661512161e-06	2.15305762253941e-05	1.43705992448235e-05	IL13/LGALS9/CX3CL1/LUM/SERPINF2/LTBP1/TSKU	7
BP	GO:0031639	plasminogen activation	6/246	27/18903	1.07586057488779e-06	2.15305762253941e-05	1.43705992448235e-05	F12/S100A10/ANXA2/FGB/CLEC3B/SERPINF2	6
BP	GO:0061138	morphogenesis of a branching epithelium	13/246	188/18903	1.1484363184242e-06	2.27009927482379e-05	1.51517946305499e-05	TNF/PDGFA/LAMA5/SULF1/LAMA1/SFRP1/MDK/WNT4/WNT5A/PLXND1/RSPO3/ST14/SEMA3C	13
BP	GO:1901214	regulation of neuron death	17/246	325/18903	1.33536028770738e-06	2.57999218695971e-05	1.72201771961145e-05	TNF/IL13/EGLN1/CSF3/SERPINF1/NGF/CX3CL1/MDK/EPO/CLCF1/WNT5A/EGLN2/CCL5/ADAM8/PLXND1/C1QA/CCL3	17
BP	GO:0014911	positive regulation of smooth muscle cell migration	7/246	44/18903	1.47553491462471e-06	2.78021841808235e-05	1.85565886769978e-05	FGF9/PDGFD/IGF1/MDK/CCL5/S100A11/ADAMTS1	7
BP	GO:0010712	regulation of collagen metabolic process	7/246	45/18903	1.72810437933786e-06	3.19997259208425e-05	2.13582410586041e-05	F2/TGFB1/MFAP4/CST3/WNT4/EMILIN1/SERPINF2	7
BP	GO:0034446	substrate adhesion-dependent cell spreading	10/246	111/18903	1.89289791594322e-06	3.42635791301632e-05	2.28692515805558e-05	LAMC1/LAMA5/LAMC3/S100A10/MDK/FGB/FBLN1/MEGF9/LAMB1/LAMB3	10
BP	GO:1903706	regulation of hemopoiesis	19/246	413/18903	2.14575120177652e-06	3.84089465117998e-05	2.56360801475406e-05	FBN1/FSTL3/IL15/PTN/TNF/GAS6/LGALS9/PF4/ANXA1/CSF3/C1QC/SFRP1/TGFB1/MDK/LIF/LOX/P4HTM/ADAM8/CCL3	19
BP	GO:0071356	cellular response to tumor necrosis factor	14/246	234/18903	2.48803236168976e-06	4.3332109564132e-05	2.89220490181063e-05	TNF/ADAMTS7/GAS6/CCL21/CCL4/CTSK/SFRP1/HYAL2/CX3CL1/HYAL3/CCL14/ADAMTS12/CCL5/CCL3	14
BP	GO:0048640	negative regulation of developmental growth	10/246	115/18903	2.61602785071798e-06	4.53163534140501e-05	3.02464340634795e-05	GDF15/PLXNA3/NTN1/SEMA4B/SEMA6C/SEMA4A/WNT5A/SEMA4C/SPP1/SEMA3C	10
BP	GO:0001763	morphogenesis of a branching structure	13/246	203/18903	2.70792889110098e-06	4.64092919528051e-05	3.09759167106344e-05	TNF/PDGFA/LAMA5/SULF1/LAMA1/SFRP1/MDK/WNT4/WNT5A/PLXND1/RSPO3/ST14/SEMA3C	13
BP	GO:0035987	endodermal cell differentiation	7/246	49/18903	3.12952603719479e-06	5.2245248144257e-05	3.48711300462992e-05	COL5A2/MMP2/COL12A1/LAMA3/LAMB1/LAMB3/MMP15	7
BP	GO:0042063	gliogenesis	16/246	310/18903	3.26787067026654e-06	5.42736046371071e-05	3.6224958108272e-05	PTN/TNF/NTN1/ANXA1/F2/MMP24/GPC1/LAMC3/CX3CL1/TGFB1/MDK/LIF/CLCF1/LAMB1/C1QA/CCL3	16
BP	GO:0030850	prostate gland development	7/246	51/18903	4.12561373759473e-06	6.51753965176668e-05	4.35013672728914e-05	ANXA1/MMP2/SULF1/SERPINF1/SFRP1/WNT5A/TNC	7
BP	GO:0050808	synapse organization	19/246	432/18903	4.12656141825078e-06	6.51753965176668e-05	4.35013672728914e-05	C1QB/ADAM10/TNF/NTN1/EGLN1/COL4A5/CBLN4/C1QC/CX3CL1/SEMA4A/GPC6/WNT5A/TNC/AGRN/PLXND1/SPARCL1/C1QA/C1QL1/HAPLN4	19
BP	GO:0035567	non-canonical Wnt signaling pathway	8/246	72/18903	4.28578510440882e-06	6.70330077980835e-05	4.47412313148044e-05	SFRP1/CTHRC1/WNT4/SFRP4/GPC6/WNT5A/SFRP5/RSPO3	8
BP	GO:0050673	epithelial cell proliferation	20/246	481/18903	5.31250092602801e-06	8.18788289321761e-05	5.46500857618465e-05	FGF9/LRG1/PTN/TNF/TNFSF12/LAMC1/IGF1/ECM1/LAMA5/SULF1/SERPINF1/SFRP1/SERPINB1/TGFB1/MDK/VEGFB/WNT5A/IGF2/LAMB1/EGFL7	20
BP	GO:0071695	anatomical structure maturation	14/246	250/18903	5.36202138568875e-06	8.18788289321761e-05	5.46500857618465e-05	IL15/ADAMTS7/CCL21/IGF1/MMP2/CX3CL1/GDF11/EPO/WNT5A/ADAMTS12/AGRN/C1QA/FAM20C/C1QL1	14
BP	GO:0002573	myeloid leukocyte differentiation	13/246	218/18903	5.92023791168281e-06	8.83102155159352e-05	5.89427195592981e-05	FBN1/FSTL3/IL15/TNF/PF4/CSF3/C1QC/SFRP1/TGFB1/ANXA2/LIF/CCL3/FAM20C	13
BP	GO:0044706	multi-multicellular organism process	13/246	218/18903	5.92023791168281e-06	8.83102155159352e-05	5.89427195592981e-05	PTN/IGFBP2/LGALS9/MMP2/ANGPT2/HYAL3/WNT4/EPO/LIF/FBLN1/SPP1/PZP/TIMP1	13
BP	GO:0030324	lung development	12/246	187/18903	6.44569523641837e-06	9.44001365988182e-05	6.30074419521662e-05	FGF9/TNF/IL13/PDGFA/FGF18/PLOD3/LAMA5/LAMA1/LIF/LTBP3/LOX/WNT5A	12
BP	GO:0070997	neuron death	17/246	368/18903	7.07072642240495e-06	0.000102160899251071	6.81873688032727e-05	TNF/IL13/EGLN1/CSF3/SERPINF1/NGF/CX3CL1/MDK/EPO/CLCF1/WNT5A/EGLN2/CCL5/ADAM8/PLXND1/C1QA/CCL3	17
BP	GO:0071692	protein localization to extracellular region	17/246	368/18903	7.07072642240495e-06	0.000102160899251071	6.81873688032727e-05	IL1A/FBN1/TNF/IL13/ANXA1/IGF1/CBLN4/SFRP1/COMP/ADAM9/TGFB1/FGB/CCL5/ADAM8/LTBP1/C1QTNF5/FBN2	17
BP	GO:0048568	embryonic organ development	19/246	449/18903	7.17004879794357e-06	0.000102899197823133	6.86801467387568e-05	FGF9/FBN1/TNF/NTN1/EFEMP1/EGLN1/PDGFA/CTHRC1/TGFB1/PDGFC/MMP16/LIF/WNT5A/MFAP2/IGF2/RSPO3/ST14/MEGF8/FBN2	19
BP	GO:0007565	female pregnancy	12/246	189/18903	7.18569817200649e-06	0.000102899197823133	6.86801467387568e-05	PTN/IGFBP2/LGALS9/MMP2/ANGPT2/WNT4/EPO/LIF/FBLN1/SPP1/PZP/TIMP1	12
BP	GO:0031099	regeneration	12/246	192/18903	8.43551282208299e-06	0.000118170531794571	7.8873010048126e-05	PTN/TNF/GAS6/ANXA1/IGF1/MMP2/ANGPT2/MDK/TNC/SERPINA10/SPP1/ANXA3	12
BP	GO:0098883	synapse pruning	4/246	11/18903	8.59726066226017e-06	0.000119915038328148	8.00373822419573e-05	C1QB/C1QC/CX3CL1/C1QA	4
BP	GO:0050727	regulation of inflammatory response	18/246	414/18903	8.70400892229159e-06	0.000120880675636308	8.06818975873037e-05	F12/IL15/TNF/IL13/ANXA1/IGF1/LGALS2/SERPINF1/HYAL2/CX3CL1/MDK/CST7/WNT5A/ADAMTS12/TNC/CCL5/ADAM8/CCL3	18
BP	GO:0033619	membrane protein proteolysis	7/246	58/18903	9.91654658674354e-06	0.000135962183414841	9.07480612618905e-05	MMP7/ADAM10/TNF/ADAM9/TGFB1/ADAM8/TIMP1	7
BP	GO:0032496	response to lipopolysaccharide	16/246	339/18903	1.01240045436646e-05	0.000138218401015624	9.22539753911985e-05	IL1A/TNF/IL13/LGALS9/PF4/CSF3/S100A14/ADAM9/CX3CL1/TGFB1/EPO/WNT5A/SLPI/CCL5/CCL3/LOXL1	16
BP	GO:0007492	endoderm development	8/246	83/18903	1.24894705280911e-05	0.000168372694734349	0.000112380481342832	COL5A2/LAMC1/MMP2/COL12A1/LAMA3/LAMB1/LAMB3/MMP15	8
BP	GO:0010720	positive regulation of cell development	15/246	307/18903	1.27988699419417e-05	0.000171824828970567	0.000114684610927135	PLXNA3/PTN/TNF/NTN1/SERPINF1/NGF/CX3CL1/S100A10/TGFB1/MDK/LIF/FGB/CLCF1/PLXND1/MEGF8	15
BP	GO:0007162	negative regulation of cell adhesion	15/246	308/18903	1.33001459290097e-05	0.000177813569225183	0.000118681800100313	ADAM10/PLXNA3/CCL21/LGALS9/ANXA1/MMP2/ANGPT2/TGFBI/CX3CL1/TGFB1/MDK/C1QTNF1/FBLN1/PLXND1/MUC1	15
BP	GO:0007568	aging	11/246	169/18903	1.37398812412378e-05	0.000182933460162265	0.000122099075145058	IL15/IGFBP2/MMP2/SERPINF1/HYAL2/COMP/CX3CL1/SERPING1/EPO/C1QA/TIMP1	11
BP	GO:0034103	regulation of tissue remodeling	8/246	85/18903	1.49017126640599e-05	0.000196775894277053	0.000131338218173746	IL15/SFRP1/TGFB1/CST3/MDK/LTBP3/ADAM8/SPP1	8
BP	GO:0033627	cell adhesion mediated by integrin	8/246	88/18903	1.92476015542823e-05	0.000243199106697638	0.000162323426111037	FBN1/CCL21/MMRN1/ADAM9/LIF/CCL5/EMILIN1/MUC1	8
BP	GO:0006029	proteoglycan metabolic process	8/246	90/18903	2.26993980394526e-05	0.000280220155107725	0.000187033152629972	ADAMTS7/FAM20B/IGF1/SULF1/GPC1/BGN/ADAMTS12/DCN	8
BP	GO:0071346	cellular response to interferon-gamma	9/246	118/18903	2.4115611064095e-05	0.000296566789498146	0.00019794372601023	TNF/CCL21/LGALS9/CCL4/CX3CL1/CCL14/WNT5A/CCL5/CCL3	9
BP	GO:0045926	negative regulation of growth	13/246	249/18903	2.44747256335526e-05	0.00029983865395934	0.00020012753439803	GDF15/PLXNA3/NTN1/SEMA4B/SEMA6C/SFRP1/HYAL2/SEMA4A/TGFB1/WNT5A/SEMA4C/SPP1/SEMA3C	13
BP	GO:0019221	cytokine-mediated signaling pathway	19/246	496/18903	2.86674968124589e-05	0.000343081899492931	0.000228990271052324	IL1A/IL15/TNF/GAS6/CCL21/PF4/CCL4/EBI3/CSF3/ECM1/C1QTNF4/CX3CL1/PXDN/CCL14/EPO/CLCF1/WNT5A/CCL5/CCL3	19
BP	GO:0008361	regulation of cell size	11/246	183/18903	2.88563608822422e-05	0.000343081899492931	0.000228990271052324	PLXNA3/NTN1/SEMA4B/SEMA6C/NGF/SEMA4A/WNT5A/SEMA4C/SPP1/MEGF8/SEMA3C	11
BP	GO:0070234	positive regulation of T cell apoptotic process	4/246	15/18903	3.41311799328412e-05	0.000394160077934102	0.000263082439550253	LGALS9/WNT5A/CCL5/ADAM8	4
BP	GO:0006953	acute-phase response	6/246	48/18903	3.54907877833416e-05	0.000406944193017532	0.000271615206747956	IL1A/TNF/SERPINA3/F2/EPO/SERPINF2	6
BP	GO:0001738	morphogenesis of a polarized epithelium	8/246	96/18903	3.63160740540628e-05	0.000414930463128334	0.000276945648721352	LAMA5/LAMA1/SFRP1/CTHRC1/LAMA3/GPC6/WNT5A/RSPO3	8
BP	GO:2001236	regulation of extrinsic apoptotic signaling pathway	10/246	155/18903	3.65703780615726e-05	0.000416359569308788	0.00027789950671301	IL1A/TNF/TNFSF12/PF4/IGF1/TNFSF10/SFRP1/HYAL2/CX3CL1/FGB	10
BP	GO:1990868	response to chemokine	8/246	98/18903	4.21480744027301e-05	0.000469899985209676	0.000313635097449563	CCL21/PF4/CCL4/CX3CL1/CCL14/LOX/CCL5/CCL3	8
BP	GO:2000146	negative regulation of cell motility	16/246	383/18903	4.48090511352381e-05	0.000495331032043422	0.000330609068726424	PODN/TNF/CCL21/SULF1/ANGPT2/SERPINF1/SFRP1/HYAL2/CX3CL1/TGFB1/WNT4/FBLN1/ADAMTS9/EMILIN1/DCN/TIMP1	16
BP	GO:0002269	leukocyte activation involved in inflammatory response	6/246	50/18903	4.49709536986364e-05	0.000495331032043422	0.000330609068726424	TNF/IL13/CX3CL1/CST7/C1QA/CCL3	6
BP	GO:0032964	collagen biosynthetic process	6/246	50/18903	4.49709536986364e-05	0.000495331032043422	0.000330609068726424	PCOLCE/F2/TGFB1/WNT4/EMILIN1/SERPINF2	6
BP	GO:0150076	neuroinflammatory response	7/246	73/18903	4.55387533958023e-05	0.000497375808275508	0.000331973856155661	TNF/IL13/IGF1/CX3CL1/CST7/C1QA/CCL3	7
BP	GO:0021700	developmental maturation	14/246	304/18903	4.76474118127537e-05	0.000516902225120176	0.000345006777719141	IL15/ADAMTS7/CCL21/IGF1/MMP2/CX3CL1/GDF11/EPO/WNT5A/ADAMTS12/AGRN/C1QA/FAM20C/C1QL1	14
BP	GO:0048588	developmental cell growth	12/246	229/18903	4.85253085905693e-05	0.00052465954455978	0.000350184406395384	PLXNA3/NTN1/SEMA4B/IGF1/SEMA6C/NGF/SEMA4A/WNT5A/SEMA4C/SPP1/MEGF8/SEMA3C	12
BP	GO:2000027	regulation of animal organ morphogenesis	9/246	129/18903	4.88402526584429e-05	0.000526298642359541	0.000351278423450796	TNF/PDGFA/SULF1/SFRP1/CTHRC1/WNT4/GPC6/WNT5A/RSPO3	9
BP	GO:0031345	negative regulation of cell projection organization	11/246	194/18903	4.92545071969983e-05	0.000528993407295762	0.000353077046327956	PLXNA3/NTN1/CCL21/SEMA4B/SEMA6C/SEMA4A/WNT5A/SEMA4C/SPP1/TSKU/SEMA3C	11
BP	GO:0060688	regulation of morphogenesis of a branching structure	6/246	51/18903	5.04169990267753e-05	0.000539679637422824	0.00036020957863858	TNF/PDGFA/SULF1/SFRP1/MDK/WNT5A	6
BP	GO:0010594	regulation of endothelial cell migration	12/246	230/18903	5.06153323579223e-05	0.000540008612110019	0.000360429153040207	PTN/TNF/ANXA1/FGF18/ANGPT2/SERPINF1/SEMA4A/TGFB1/WNT5A/ADAMTS9/DCN/ANXA3	12
BP	GO:0060560	developmental growth involved in morphogenesis	12/246	233/18903	5.73598170189245e-05	0.000603965132140441	0.000403116980287798	PLXNA3/NTN1/SEMA4B/SEMA6C/SFRP1/NGF/SEMA4A/WNT5A/SEMA4C/SPP1/MEGF8/SEMA3C	12
BP	GO:0090594	inflammatory response to wounding	4/246	17/18903	5.83032233065367e-05	0.00060793846438078	0.000405768983870735	IL1A/TGFB1/MDK/TIMP1	4
BP	GO:0060840	artery development	8/246	107/18903	7.89690718789574e-05	0.000792642833626171	0.000529050053611117	EFEMP2/ADAMTS6/COMP/MDK/LOX/ADAMTS9/PLXND1/LOXL1	8
BP	GO:1904862	inhibitory synapse assembly	4/246	19/18903	9.30258238139228e-05	0.000911031016195925	0.000608068334832329	CBLN4/SEMA4A/WNT5A/HAPLN4	4
BP	GO:0042098	T cell proliferation	11/246	212/18903	0.000109222550259008	0.00105998511124856	0.000707487857257934	IL1A/IL15/IGFBP2/LGALS9/ANXA1/EBI3/IGF1/WNT4/EPO/IGF2/CCL5	11
BP	GO:0051099	positive regulation of binding	10/246	177/18903	0.000111631606746616	0.00108011122203483	0.000720921044992373	CSF3/IGF1/CTHRC1/NGF/S100A10/TGFB1/ANXA2/WNT5A/PLXND1/SPON1	10
BP	GO:0072376	protein activation cascade	4/246	20/18903	0.000115098143875372	0.00110578952685001	0.000738060048794333	F12/FGB/FBLN1/F13A1	4
BP	GO:0001755	neural crest cell migration	6/246	59/18903	0.000115658308674256	0.00110578952685001	0.000738060048794333	SEMA4B/LAMA5/SEMA6C/SEMA4A/SEMA4C/SEMA3C	6
BP	GO:0051785	positive regulation of nuclear division	6/246	59/18903	0.000115658308674256	0.00110578952685001	0.000738060048794333	IL1A/TNF/IGF1/WNT4/WNT5A/IGF2	6
BP	GO:0033273	response to vitamin	7/246	86/18903	0.000130145165548808	0.00122252980582583	0.000815978435526205	IL1A/IL15/GAS6/SFRP1/EPO/POSTN/SPP1	7
BP	GO:0001666	response to hypoxia	13/246	296/18903	0.000142413647012941	0.00130357037123777	0.00087006902167296	IL1A/TNF/PLOD2/EGLN1/PDGFA/ANGPTL4/MMP2/ANGPT2/SFRP1/EPO/VEGFB/EGLN2/ADAM8	13
BP	GO:0070661	leukocyte proliferation	14/246	348/18903	0.000198451232711531	0.00170841890780002	0.00114028548094856	IL1A/IL15/IGFBP2/IL13/LGALS9/ANXA1/EBI3/IGF1/CX3CL1/WNT4/EPO/CLCF1/IGF2/CCL5	14
BP	GO:0051043	regulation of membrane protein ectodomain proteolysis	4/246	24/18903	0.000242315752398723	0.00201230940160715	0.00134311741889098	TNF/ADAM9/ADAM8/TIMP1	4
BP	GO:2000347	positive regulation of hepatocyte proliferation	3/246	10/18903	0.000244200178779763	0.00201230940160715	0.00134311741889098	PTN/TNF/MDK	3
BP	GO:0009306	protein secretion	14/246	359/18903	0.000272708752104377	0.00221326851204106	0.00147724772782511	IL1A/TNF/IL13/ANXA1/IGF1/CBLN4/SFRP1/COMP/ADAM9/TGFB1/FGB/CCL5/ADAM8/C1QTNF5	14
BP	GO:0035592	establishment of protein localization to extracellular region	14/246	360/18903	0.000280511331397529	0.00227087314010763	0.00151569598001892	IL1A/TNF/IL13/ANXA1/IGF1/CBLN4/SFRP1/COMP/ADAM9/TGFB1/FGB/CCL5/ADAM8/C1QTNF5	14
BP	GO:1903532	positive regulation of secretion by cell	12/246	278/18903	0.000299662128498474	0.00239580987102254	0.00159908509474307	IL1A/IL13/IGF1/ADAM9/S100A10/TGFB1/HYAL3/ANXA2/C1QTNF1/FGB/ADAM8/SPP1	12
BP	GO:0006959	humoral immune response	13/246	320/18903	0.000304370792837091	0.00242743241218096	0.00162019158354918	C1QB/TNF/PF4/EBI3/COLEC11/F2/C1QC/CXCL14/MFAP4/SERPING1/FGB/SLPI/C1QA	13
BP	GO:0042692	muscle cell differentiation	15/246	409/18903	0.000319768558493236	0.00253767067848573	0.00169377019704869	GDF15/ADAMTS15/FGF9/EFEMP2/LAMC1/IGF1/LAMA1/ADAM12/COMP/TGFB1/WNT4/LOX/IGF2/SEMA4C/LAMB1	15
BP	GO:0048563	post-embryonic animal organ morphogenesis	3/246	11/18903	0.000332551273073825	0.00259960785482795	0.00173511021183753	FBN1/EFEMP1/MFAP2	3
BP	GO:0198738	cell-cell signaling by wnt	16/246	458/18903	0.000348370540892884	0.00269819683355017	0.00180091349960567	FGF9/IGFBP2/WNT9A/SULF1/SFRP1/CTHRC1/TGFB1/MDK/WNT4/SFRP4/GPC6/WNT5A/SFRP5/RSPO3/TSKU/IGFBP6	16
BP	GO:0061383	trabecula morphogenesis	5/246	47/18903	0.000351969828355747	0.00271953665938181	0.00181515678235716	EGLN1/MMP2/SFRP1/ADAMTS1/FBN2	5
BP	GO:0007159	leukocyte cell-cell adhesion	15/246	414/18903	0.000363452061599831	0.00280153718295372	0.00186988809329754	IL1A/LRG1/IL15/TNF/IGFBP2/CCL21/LGALS9/ANXA1/EBI3/IGF1/MDK/EPO/IGF2/CCL5/ADAM8	15
BP	GO:0001867	complement activation, lectin pathway	3/246	12/18903	0.000439146981618241	0.00328290388578648	0.00219117666002214	COLEC11/MFAP4/SERPING1	3
BP	GO:0003416	endochondral bone growth	4/246	28/18903	0.000448231469258329	0.00331238943566591	0.00221085681239683	ECM1/COMP/COL27A1/TSKU	4
BP	GO:1902905	positive regulation of supramolecular fiber organization	9/246	176/18903	0.000510294344780435	0.00371983796127276	0.00248280863630967	EFEMP2/CCL21/TNXB/CSF3/SFRP1/CX3CL1/S100A10/WNT4/SERPINF2	9
BP	GO:0048545	response to steroid hormone	13/246	339/18903	0.000525926822513243	0.0037909087743572	0.00253024490379031	TNF/IGFBP2/ANXA1/SERPINF1/SFRP1/ADAM9/TGFB1/MDK/EPO/LOX/EGLN2/SPP1/ANXA3	13
BP	GO:0032526	response to retinoic acid	7/246	108/18903	0.000530433692055839	0.00379790523511981	0.00253491469677212	TNF/IGFBP2/PDGFA/WNT9A/MMP2/SERPINF1/WNT5A	7
BP	GO:0097048	dendritic cell apoptotic process	3/246	13/18903	0.00056541642884303	0.00393664507104465	0.00262751670428443	GAS6/CCL21/LGALS9	3
BP	GO:1904035	regulation of epithelial cell apoptotic process	7/246	110/18903	0.000592237290561249	0.00409307875734318	0.00273192848549515	TNF/IL13/GAS6/ANGPTL4/MDK/FGB/SFRP4	7
BP	GO:0050866	negative regulation of cell activation	10/246	221/18903	0.000659456188498553	0.00449210959691826	0.00299826191855468	LGALS9/ANXA1/PDGFA/F2/SFRP1/CX3CL1/MDK/CST7/C1QTNF1/EMILIN1	10
BP	GO:0071295	cellular response to vitamin	4/246	31/18903	0.000668075480601755	0.00452214117331692	0.00301830651673902	IL15/GAS6/SFRP1/POSTN	4
BP	GO:0051149	positive regulation of muscle cell differentiation	6/246	82/18903	0.000701057515140953	0.00470639737415925	0.00314128845614275	EFEMP2/LAMC1/IGF1/LAMA1/TGFB1/LAMB1	6
BP	GO:0016322	neuron remodeling	3/246	14/18903	0.000712724302038125	0.00473484062096256	0.00316027292254778	CX3CL1/C1QA/C1QL1	3
BP	GO:0043922	negative regulation by host of viral transcription	3/246	14/18903	0.000712724302038125	0.00473484062096256	0.00316027292254778	CCL4/CCL5/CCL3	3
BP	GO:0031346	positive regulation of cell projection organization	13/246	352/18903	0.000746034434577286	0.00491558885114113	0.00328091346430179	PLXNA3/PTN/NTN1/CCL21/SERPINF1/NGF/CX3CL1/MDK/EPO/WNT5A/AGRN/PLXND1/MEGF8	13
BP	GO:0006516	glycoprotein catabolic process	4/246	32/18903	0.000755778137362736	0.0049494251190706	0.00330349750670105	GPC1/CST3/NGLY1/ADAMTS12	4
BP	GO:0002683	negative regulation of immune system process	15/246	449/18903	0.000838648003576944	0.00545883609600993	0.0036435042452051	FBN1/FSTL3/TNF/CCL21/LGALS9/ANXA1/C1QC/SFRP1/CX3CL1/TGFB1/MDK/SERPING1/CST7/EMILIN1/CCL3	15
BP	GO:0048010	vascular endothelial growth factor receptor signaling pathway	5/246	58/18903	0.000936258164720853	0.00597057189685205	0.00398506268916617	FGF9/FGF18/SULF1/VEGFB/EMILIN1	5
BP	GO:0008544	epidermis development	13/246	362/18903	0.000964106717386587	0.00610285234463573	0.00407335337322055	IL1A/TNF/LAMC2/ANXA1/PDGFA/PLOD3/LAMA5/ADAM9/LAMA3/SFRP4/WNT5A/ST14/LAMB3	13
BP	GO:0032355	response to estradiol	7/246	121/18903	0.00104182446673903	0.00654338875601006	0.00436738973129751	IGFBP2/ANXA1/PDGFA/MMP2/SFRP1/TGFB1/MMP15	7
BP	GO:0030212	hyaluronan metabolic process	4/246	35/18903	0.00106737261248288	0.00663906209831951	0.00443124697535586	IL15/HYAL2/TGFB1/HYAL3	4
BP	GO:0030214	hyaluronan catabolic process	3/246	16/18903	0.00107560223939255	0.00663906209831951	0.00443124697535586	HYAL2/TGFB1/HYAL3	3
BP	GO:0048864	stem cell development	6/246	89/18903	0.00107896063180988	0.00664705765906581	0.00443658361837089	SEMA4B/LAMA5/SEMA6C/SEMA4A/SEMA4C/SEMA3C	6
BP	GO:0043547	positive regulation of GTPase activity	11/246	283/18903	0.00125333065119544	0.00761930444934285	0.00508551046751199	CCL21/CCL4/SFRP1/CX3CL1/S100A10/WNT4/CCL14/WNT5A/CCL5/AGRN/CCL3	11
BP	GO:0032233	positive regulation of actin filament bundle assembly	5/246	62/18903	0.00126773188737868	0.00763482643202638	0.00509587062649217	SFRP1/CX3CL1/S100A10/WNT4/SERPINF2	5
BP	GO:0010224	response to UV-B	3/246	17/18903	0.00129359488569669	0.00773526753968939	0.00516291011911053	HYAL2/HYAL3/MFAP4	3
BP	GO:0060606	tube closure	6/246	93/18903	0.00135569657739378	0.00805333670550902	0.00537520562231857	SFRP1/CTHRC1/TGFB1/WNT5A/SEMA4C/ST14	6
BP	GO:0043087	regulation of GTPase activity	13/246	376/18903	0.00135721968686884	0.00805333670550902	0.00537520562231857	PLXNA3/CCL21/CCL4/SFRP1/CX3CL1/S100A10/WNT4/CCL14/WNT5A/CCL5/AGRN/PLXND1/CCL3	13
BP	GO:0050863	regulation of T cell activation	13/246	376/18903	0.00135721968686884	0.00805333670550902	0.00537520562231857	IL1A/IL15/IGFBP2/CCL21/LGALS9/ANXA1/EBI3/IGF1/MDK/EPO/IGF2/CCL5/ADAM8	13
BP	GO:1901888	regulation of cell junction assembly	9/246	204/18903	0.00145091944529107	0.00854636645836896	0.00570427870052853	TNF/NTN1/SFRP1/SEMA4A/S100A10/WNT4/GPC6/WNT5A/AGRN	9
BP	GO:0045780	positive regulation of bone resorption	3/246	18/18903	0.0015374743992193	0.00883020056022205	0.00589372398462337	LTBP3/ADAM8/SPP1	3
BP	GO:0048535	lymph node development	3/246	18/18903	0.0015374743992193	0.00883020056022205	0.00589372398462337	IL15/TGFB1/LTB	3
BP	GO:0031100	animal organ regeneration	5/246	65/18903	0.00156797703746159	0.00898936301548263	0.00599995708472378	TNF/GAS6/ANGPT2/SERPINA10/ANXA3	5
BP	GO:0034329	cell junction assembly	14/246	430/18903	0.00158068250333044	0.00901408677120473	0.00601645897401786	TNF/NTN1/LAMC1/CBLN4/SFRP1/SEMA4A/S100A10/WNT4/LAMA3/GPC6/WNT5A/AGRN/PLXND1/HAPLN4	14
BP	GO:0072577	endothelial cell apoptotic process	5/246	66/18903	0.00167877777388714	0.0095397213182793	0.00636729414657277	TNF/IL13/GAS6/ANGPTL4/FGB	5
BP	GO:0007517	muscle organ development	12/246	348/18903	0.00210374595772639	0.0115265017017205	0.00769337220314779	EFEMP2/EGLN1/ELN/IGF1/CTF1/LAMA5/GPC1/TGFB1/LIF/LOX/WNT5A/IGF2	12
BP	GO:1902473	regulation of protein localization to synapse	3/246	20/18903	0.00210711033591353	0.0115265017017205	0.00769337220314779	ADAM10/GPC6/WNT5A	3
BP	GO:1903978	regulation of microglial cell activation	3/246	20/18903	0.00210711033591353	0.0115265017017205	0.00769337220314779	CX3CL1/CST7/CCL3	3
BP	GO:0002714	positive regulation of B cell mediated immunity	4/246	42/18903	0.00212516797431513	0.0115663702926408	0.00771998252405016	TNF/TGFB1/CLCF1/TNFSF13	4
BP	GO:0002891	positive regulation of immunoglobulin mediated immune response	4/246	42/18903	0.00212516797431513	0.0115663702926408	0.00771998252405016	TNF/TGFB1/CLCF1/TNFSF13	4
BP	GO:0043523	regulation of neuron apoptotic process	9/246	218/18903	0.00228248957850893	0.0123276343651002	0.00822808879999336	TNF/NGF/CX3CL1/MDK/CLCF1/EGLN2/ADAM8/PLXND1/CCL3	9
BP	GO:0045927	positive regulation of growth	10/246	261/18903	0.00229324514880733	0.0123352852578585	0.00823319539410136	FGF9/ADAM10/NTN1/IGF1/F2/SFRP1/NGF/IGF2/AGRN/MEGF8	10
BP	GO:0071216	cellular response to biotic stimulus	10/246	261/18903	0.00229324514880733	0.0123352852578585	0.00823319539410136	IL1A/TNF/PF4/CSF3/ADAM9/CX3CL1/TGFB1/WNT5A/CCL5/CCL3	10
BP	GO:0042698	ovulation cycle	5/246	72/18903	0.00246795563324979	0.013186986816469	0.00880166423798433	PTN/MMP2/SERPINF1/MDK/ADAMTS1	5
BP	GO:0045840	positive regulation of mitotic nuclear division	4/246	44/18903	0.00252573099494765	0.0134510830838369	0.00897793548965297	IL1A/TNF/IGF1/IGF2	4
BP	GO:0022604	regulation of cell morphogenesis	11/246	312/18903	0.00269181508454493	0.0142883495920985	0.00953676964835739	PLXNA3/ANXA1/F2/SEMA4A/S100A10/MDK/FGB/FBLN1/WNT5A/PLXND1/CCL3	11
BP	GO:0007164	establishment of tissue polarity	5/246	74/18903	0.00278249549485445	0.0146490203993808	0.00977749964910155	SFRP1/CTHRC1/GPC6/WNT5A/RSPO3	5
BP	GO:0050766	positive regulation of phagocytosis	5/246	74/18903	0.00278249549485445	0.0146490203993808	0.00977749964910155	IL15/TNF/GAS6/COLEC11/MFGE8	5
BP	GO:0002637	regulation of immunoglobulin production	5/246	76/18903	0.00312506710063272	0.0162402680616752	0.0108395790943848	TNF/IL13/TGFB1/CLCF1/TNFSF13	5
BP	GO:0002053	positive regulation of mesenchymal cell proliferation	3/246	23/18903	0.00318066600318472	0.0163969693796179	0.0109441695065371	FGF9/PDGFA/WNT5A	3
BP	GO:0010893	positive regulation of steroid biosynthetic process	3/246	23/18903	0.00318066600318472	0.0163969693796179	0.0109441695065371	IL1A/TNF/WNT4	3
BP	GO:0060976	coronary vasculature development	4/246	48/18903	0.00347664254953849	0.0177805433247826	0.0118676369736126	ADAMTS6/VEGFB/PLXND1/MEGF8	4
BP	GO:0048839	inner ear development	8/246	193/18903	0.00385375057857816	0.0194620444579606	0.0129899561657073	FGF9/ADAM10/NTN1/PDGFA/CTHRC1/WNT5A/TSKU/C1QTNF5	8
BP	GO:0071230	cellular response to amino acid stimulus	5/246	80/18903	0.0038998145076779	0.0196331286620909	0.0131041464460295	COL5A2/TNF/PDGFD/MMP2/PDGFC	5
BP	GO:0031579	membrane raft organization	3/246	25/18903	0.00405246088660446	0.020306421425567	0.0135535362058327	S100A10/ANXA2/COLEC12	3
BP	GO:0045834	positive regulation of lipid metabolic process	7/246	154/18903	0.00408719406548526	0.020448663476698	0.0136484757695103	IL1A/TNF/CCL21/ANXA1/F2/TGFB1/WNT4	7
BP	GO:0051495	positive regulation of cytoskeleton organization	8/246	195/18903	0.00410026926472037	0.0204505689952462	0.013649747609294	PLXNA3/CCL21/CSF3/SFRP1/CX3CL1/S100A10/WNT4/SERPINF2	8
BP	GO:0060249	anatomical structure homeostasis	11/246	333/18903	0.00440043540279282	0.0217791134682004	0.0145364856138827	LAMC1/SERPINA3/CTSK/CST4/COMP/CX3CL1/LTBP3/LOX/ADAM8/SPP1/MUC6	11
BP	GO:0051894	positive regulation of focal adhesion assembly	3/246	26/18903	0.00453747389464999	0.0222326552747501	0.0148392024327206	SFRP1/S100A10/WNT4	3
BP	GO:0007292	female gamete generation	7/246	159/18903	0.00486291464384008	0.0236324449207432	0.0157734930814722	PTN/IGF1/MMP2/POMZP3/MDK/WNT4/ADAMTS1	7
BP	GO:0002366	leukocyte activation involved in immune response	10/246	293/18903	0.00519487268824149	0.0250567062896917	0.0167241174000589	IL13/LGALS9/ANXA1/SEMA4A/TGFB1/MDK/CLCF1/ANXA3/CCL3/TNFSF13	10
BP	GO:0051235	maintenance of location	11/246	342/18903	0.00535655238516884	0.0256827556324613	0.0171419745032894	FBN1/TNF/IL13/CCL21/ANXA1/F2/PLOD3/CX3CL1/LTBP1/CCL3/FBN2	11
BP	GO:1901654	response to ketone	8/246	205/18903	0.00552038000981628	0.0263897097798636	0.0176138315790327	GAS6/CCL21/SERPINF1/SFRP1/TGFB1/EPO/POSTN/SPP1	8
BP	GO:0042634	regulation of hair cycle	3/246	28/18903	0.00560909001376624	0.0265771882711101	0.0177389642385827	TNF/WNT5A/TSKU	3
BP	GO:0044331	cell-cell adhesion mediated by cadherin	3/246	28/18903	0.00560909001376624	0.0265771882711101	0.0177389642385827	MMP24/WNT5A/SERPINF2	3
BP	GO:0045830	positive regulation of isotype switching	3/246	28/18903	0.00560909001376624	0.0265771882711101	0.0177389642385827	TGFB1/CLCF1/TNFSF13	3
BP	GO:0031103	axon regeneration	4/246	55/18903	0.00567796384140346	0.0268246326935513	0.0179041212038699	PTN/MMP2/TNC/SPP1	4
BP	GO:0019730	antimicrobial humoral response	6/246	125/18903	0.00592240529610183	0.0278163117551605	0.0185660181370815	PF4/COLEC11/F2/CXCL14/FGB/SLPI	6
BP	GO:0034644	cellular response to UV	5/246	89/18903	0.00612976002944376	0.0286648574961797	0.019132380628147	MMP2/HYAL2/HYAL3/MFAP4/TIMP1	5
BP	GO:0048678	response to axon injury	5/246	89/18903	0.00612976002944376	0.0286648574961797	0.019132380628147	PTN/MMP2/EPO/TNC/SPP1	5
BP	GO:0071229	cellular response to acid chemical	5/246	89/18903	0.00612976002944376	0.0286648574961797	0.019132380628147	COL5A2/TNF/PDGFD/MMP2/PDGFC	5
BP	GO:0051402	neuron apoptotic process	9/246	255/18903	0.00635951639332887	0.0294825349918066	0.019678140085681	TNF/NGF/CX3CL1/MDK/CLCF1/EGLN2/ADAM8/PLXND1/CCL3	9
BP	GO:1903829	positive regulation of protein localization	13/246	451/18903	0.00637895122752874	0.0295301449067494	0.0197099173591065	IL1A/TNF/IL13/GAS6/IGF1/F2/HYAL2/ADAM9/TGFB1/LIF/FGB/WNT5A/ADAM8	13
BP	GO:0045995	regulation of embryonic development	5/246	90/18903	0.00642306006637576	0.029665519563778	0.0198002732754414	LAMA5/LAMA1/WNT4/LAMA3/LAMA4	5
BP	GO:0048706	embryonic skeletal system development	6/246	128/18903	0.00663235296149281	0.0304407994899285	0.0203177344434395	FGF9/WNT9A/SULF1/MMP16/WNT5A/MEGF8	6
BP	GO:0019886	antigen processing and presentation of exogenous peptide antigen via MHC class II	3/246	30/18903	0.00682013801544987	0.0310374077482761	0.0207159410727982	CTSS/CTSV/CTSD	3
BP	GO:0003007	heart morphogenesis	9/246	258/18903	0.00684610893837478	0.0310994678941697	0.0207573631637063	LEFTY1/EGLN1/ELN/TGFB1/WNT5A/PLXND1/ADAMTS1/MEGF8/SEMA3C	9
BP	GO:0051928	positive regulation of calcium ion transport	6/246	129/18903	0.00688216733880997	0.0311875431303034	0.0208161490461008	IL13/CCL4/F2/CX3CL1/CCL5/CCL3	6
BP	GO:0002064	epithelial cell development	8/246	213/18903	0.00690464592819514	0.0312454623323662	0.0208548072609442	IL1A/TNF/PLOD3/ADAMTSL4/GDF11/COL18A1/WNT5A/ST14	8
BP	GO:0001765	membrane raft assembly	2/246	10/18903	0.00708525437754098	0.0317506114108999	0.0211919693921619	S100A10/ANXA2	2
BP	GO:0016064	immunoglobulin mediated immune response	8/246	215/18903	0.00728845060854327	0.0324804811351679	0.021679121486866	C1QB/TNF/C1QC/TGFB1/SERPING1/CLCF1/C1QA/TNFSF13	8
BP	GO:0002699	positive regulation of immune effector process	9/246	261/18903	0.00736078742901363	0.0327575374258037	0.021864042915782	TNF/IL13/LGALS9/ANXA1/COLEC11/TGFB1/CLCF1/WNT5A/TNFSF13	9
BP	GO:0150117	positive regulation of cell-substrate junction organization	3/246	31/18903	0.00747928757275504	0.0331475440982348	0.0221243531617151	SFRP1/S100A10/WNT4	3
BP	GO:1904951	positive regulation of establishment of protein localization	10/246	310/18903	0.00761845916317884	0.0337179607469261	0.0225050781815708	IL1A/TNF/IL13/GAS6/IGF1/HYAL2/ADAM9/TGFB1/FGB/ADAM8	10
BP	GO:0002443	leukocyte mediated immunity	13/246	463/18903	0.00786979656543566	0.0346873933431378	0.0231521266947729	C1QB/TNF/IL13/LGALS9/F2/C1QC/TGFB1/SERPING1/CLCF1/ANXA3/C1QA/CCL3/TNFSF13	13
BP	GO:0042176	regulation of protein catabolic process	11/246	361/18903	0.00791224078814526	0.0347793176253807	0.0232134816258789	TNF/TNFSF12/EGLN1/CTSA/ADAM9/CST3/ANXA2/WNT5A/EGLN2/ADAM8/TIMP1	11
BP	GO:0034109	homotypic cell-cell adhesion	5/246	95/18903	0.00803841375190897	0.0352377811002051	0.0235194834158969	COMP/MMRN1/C1QTNF1/FGB/CCL5	5
BP	GO:0040020	regulation of meiotic nuclear division	3/246	32/18903	0.00817482303158871	0.035562629324772	0.0237363036069487	WNT4/LIF/WNT5A	3
BP	GO:1900024	regulation of substrate adhesion-dependent cell spreading	4/246	61/18903	0.00817874249834142	0.035562629324772	0.0237363036069487	S100A10/MDK/FGB/FBLN1	4
BP	GO:1901136	carbohydrate derivative catabolic process	7/246	176/18903	0.00834464055919406	0.0361863147802466	0.0241525829318318	GPC1/HYAL2/TGFB1/HYAL3/CST3/NGLY1/ADAMTS12	7
BP	GO:0032956	regulation of actin cytoskeleton organization	11/246	365/18903	0.00855467753004249	0.0366891578610551	0.0244882059231388	IL1A/CCL21/PDGFA/ELN/CSF3/SFRP1/CX3CL1/S100A10/MDK/WNT4/SERPINF2	11
BP	GO:0001660	fever generation	2/246	11/18903	0.00858585506742257	0.0366891578610551	0.0244882059231388	IL1A/TNF	2
BP	GO:0007614	short-term memory	2/246	11/18903	0.00858585506742257	0.0366891578610551	0.0244882059231388	SERPINF1/MDK	2
BP	GO:2000833	positive regulation of steroid hormone secretion	2/246	11/18903	0.00858585506742257	0.0366891578610551	0.0244882059231388	C1QTNF1/SPP1	2
BP	GO:0001659	temperature homeostasis	7/246	178/18903	0.00885043549815148	0.0374718832786387	0.0250106365899765	IL1A/IL15/TNF/IL13/PDGFC/MFAP2/LAMA4	7
BP	GO:0048736	appendage development	7/246	178/18903	0.00885043549815148	0.0374718832786387	0.0250106365899765	FGF9/FRAS1/COMP/WNT5A/MEGF8/SEMA3C/FBN2	7
BP	GO:0060173	limb development	7/246	178/18903	0.00885043549815148	0.0374718832786387	0.0250106365899765	FGF9/FRAS1/COMP/WNT5A/MEGF8/SEMA3C/FBN2	7
BP	GO:0033032	regulation of myeloid cell apoptotic process	3/246	33/18903	0.00890717409030126	0.0375149214626806	0.0250393624581844	GAS6/ANXA1/EPO	3
BP	GO:0006887	exocytosis	11/246	369/18903	0.00923689747988846	0.0386510177664943	0.0257976507879865	IL13/LGALS9/ANXA1/PRSS12/S100A10/HYAL3/ANXA2/FGB/CCL5/ANXA3/CCL3	11
BP	GO:0060537	muscle tissue development	12/246	422/18903	0.00953781842756003	0.0397553052698556	0.0265347083100771	FGF9/EFEMP2/EGLN1/ELN/IGF1/GPC1/TGFB1/LOX/WNT5A/IGF2/ADAMTS9/SEMA3C	12
BP	GO:0000768	syncytium formation by plasma membrane fusion	4/246	64/18903	0.00966226315569781	0.0400236684756748	0.0267138275330143	GDF15/ADAMTS15/ADAM12/ADAM9	4
BP	GO:0140253	cell-cell fusion	4/246	64/18903	0.00966226315569781	0.0400236684756748	0.0267138275330143	GDF15/ADAMTS15/ADAM12/ADAM9	4
BP	GO:0051798	positive regulation of hair follicle development	2/246	12/18903	0.0102151966845834	0.0417682280681826	0.0278782351410686	TNF/WNT5A	2
BP	GO:0060312	regulation of blood vessel remodeling	2/246	12/18903	0.0102151966845834	0.0417682280681826	0.0278782351410686	TGFB1/CST3	2
BP	GO:0097084	vascular associated smooth muscle cell development	2/246	12/18903	0.0102151966845834	0.0417682280681826	0.0278782351410686	EFEMP2/COMP	2
BP	GO:0150115	cell-substrate junction organization	5/246	101/18903	0.0103249844011198	0.0421636245125576	0.0281421427943269	LAMC1/SFRP1/S100A10/WNT4/LAMA3	5
BP	GO:0002460	adaptive immune response based on somatic recombination of immune receptors built from immunoglobulin superfamily domains	11/246	375/18903	0.0103382615539645	0.0421644034517389	0.0281426626978675	C1QB/TNF/ANXA1/EBI3/C1QC/SEMA4A/TGFB1/SERPING1/CLCF1/C1QA/TNFSF13	11
BP	GO:0071300	cellular response to retinoic acid	4/246	66/18903	0.0107423429992663	0.0435917243622621	0.0290953291097721	TNF/WNT9A/SERPINF1/WNT5A	4
BP	GO:0048477	oogenesis	5/246	103/18903	0.0111768036862062	0.0450709154905587	0.0300826163374208	PTN/IGF1/POMZP3/MDK/WNT4	5
BP	GO:0033280	response to vitamin D	3/246	36/18903	0.0113288814276989	0.0454000696020469	0.0303023104959266	IL15/SFRP1/SPP1	3
BP	GO:0046883	regulation of hormone secretion	8/246	234/18903	0.0117834161077151	0.0470321712708423	0.0313916579784805	TNF/ANXA1/SFRP1/LIF/C1QTNF1/FGB/CCL5/SPP1	8
BP	GO:0042987	amyloid precursor protein catabolic process	4/246	68/18903	0.0118974736694127	0.0470321712708423	0.0313916579784805	ADAM10/TNF/IGF1/SPON1	4
BP	GO:0033080	immature T cell proliferation in thymus	2/246	13/18903	0.0119697021856272	0.0470321712708423	0.0313916579784805	IL1A/WNT4	2
BP	GO:1901655	cellular response to ketone	5/246	105/18903	0.0120753580996166	0.0473318780984971	0.0315916975253127	GAS6/SERPINF1/SFRP1/POSTN/SPP1	5
BP	GO:0001580	detection of chemical stimulus involved in sensory perception of bitter taste	3/246	37/18903	0.0122120842386339	0.0476359992940416	0.0317946834453027	CST4/CST2/CST1	3
BP	GO:0035296	regulation of tube diameter	6/246	147/18903	0.0126290323173453	0.0490841280174747	0.0327612380475353	TNF/PLOD3/MMP2/COMP/FGB/SERPINF2	6
BP	GO:0097746	blood vessel diameter maintenance	6/246	147/18903	0.0126290323173453	0.0490841280174747	0.0327612380475353	TNF/PLOD3/MMP2/COMP/FGB/SERPINF2	6
CC	GO:0062023	collagen-containing extracellular matrix	121/256	433/19869	4.90416263583889e-135	9.66120039260261e-133	8.25964233404445e-133	S100A6/PCOLCE/PODN/GDF15/F12/ADAMTS15/ADAMTS10/VWA1/C1QB/EFEMP2/COL5A2/COL14A1/FREM1/OGN/FBN1/ANXA5/S100A4/FRAS1/KAZALD1/CSTB/FBN3/LAMC2/NTN1/ADAM11/LGALS9/PF4/CTSS/ANXA1/EFEMP1/TNXB/COL4A5/HSPG2/ELN/EDIL3/LAMC1/ANGPTL4/SERPINA3/F2/CBLN4/ADAMTS8/PLOD3/ECM1/MMP2/LAMA5/SULF1/C1QC/FMOD/ADAMTSL4/ANXA7/ANGPT2/FBLN2/SERPINF1/VCAN/GPC1/COL26A1/LAMA1/SFRP1/COL12A1/CTHRC1/COL21A1/TGFBI/COMP/LAMC3/MMRN1/PXDN/S100A10/SERPINB1/MGP/TGFB1/BGN/MFAP4/MDK/SERPING1/EMILIN3/ANXA2/FGB/COL18A1/LAMA3/LTBP3/CLEC3B/GPC6/FBLN1/LOX/WNT5A/MATN2/MFAP2/SLPI/LUM/ANXA4/MEGF9/TNC/MMP23B/POSTN/COL27A1/ADAMTS9/EMILIN1/CTSD/DCN/AGRN/SERPINF2/COL5A3/MFGE8/SPARCL1/LAMB1/LTBP1/LAMB3/C1QA/ADAMTS1/LOXL1/PZP/SPON1/HMCN2/SDC2/COL6A2/HAPLN4/F13A1/EGFL7/LTBP4/TIMP1/FBN2/LAMA4	121
CC	GO:0005788	endoplasmic reticulum lumen	43/256	312/19869	1.08864180665925e-31	8.10507446068863e-30	6.9292648341447e-30	VWA1/COL5A2/COL14A1/FBN1/FSTL3/ADAM10/ADAMTS7/GAS6/PDGFD/COL4A5/PDGFA/EBI3/LAMC1/F2/PLOD3/ADAMTSL4/VCAN/COL26A1/F10/COL12A1/COL21A1/PDGFC/CST3/SERPING1/WNT4/COL18A1/WNT5A/TNC/SERPINA10/COL27A1/SPP1/P4HA1/COL5A3/MFGE8/SPARCL1/LAMB1/LTBP1/FAM20C/SPON1/SDC2/COL6A2/TIMP1/FSTL1	43
CC	GO:0005581	collagen trimer	25/256	86/19869	2.64137162039951e-27	1.30087552304676e-25	1.11215647174716e-25	EMID1/C1QB/COL5A2/COL14A1/COL4A5/COLEC11/C1QTNF6/C1QC/COL26A1/COL12A1/CTHRC1/COL21A1/C1QTNF1/COL18A1/LOX/LUM/COL27A1/EMILIN1/C1QTNF2/COL5A3/C1QA/C1QTNF5/C1QL1/COLEC12/COL6A2	25
CC	GO:0001527	microfibril	10/256	13/19869	2.9236930574691e-17	9.59945887202354e-16	8.20685770517641e-16	ADAMTS10/EFEMP2/FBN1/FBN3/MFAP4/MFAP2/MFAP1/LTBP1/LTBP4/FBN2	10
CC	GO:0031093	platelet alpha granule lumen	14/256	67/19869	1.29726519350705e-13	3.1945155390111e-12	2.73108461790957e-12	GAS6/PF4/PDGFA/IGF1/SERPINA3/MMRN1/TGFB1/SERPING1/VEGFB/FGB/IGF2/SERPINF2/F13A1/TIMP1	14
CC	GO:0098637	protein complex involved in cell-matrix adhesion	6/256	14/19869	1.1884327528705e-08	1.56080834876992e-07	1.33438063480196e-07	LAMC1/LAMA1/MMRN1/TNC/EMILIN1/LAMB1	6
CC	GO:0072562	blood microparticle	12/256	145/19869	4.01554089900797e-07	4.6533032770857e-06	3.97824485350634e-06	C1QB/ANXA5/ANGPTL4/SERPINA3/F2/C1QC/TGFB1/SERPING1/FGB/SERPINF2/PZP/F13A1	12
CC	GO:0009897	external side of plasma membrane	15/256	462/19869	0.00101801347412866	0.00835619393347277	0.00714395420441167	ANXA5/TNF/IL13/ANXA1/EBI3/COLEC11/CLEC10A/F2/CTSK/CLEC2B/F10/HYAL2/ADAM9/FGB/MFGE8	15
CC	GO:0043083	synaptic cleft	3/256	18/19869	0.00149481689695846	0.0117791571480327	0.0100703454110886	LAMA5/PRSS12/C1QL1	3
MF	GO:0005201	extracellular matrix structural constituent	61/252	173/18432	8.95017591971959e-71	2.18384292441158e-68	1.37550072029375e-68	PCOLCE/PODN/VWA1/EFEMP2/COL5A2/COL14A1/OGN/FBN1/FRAS1/FBN3/LAMC2/EFEMP1/TNXB/COL4A5/HSPG2/ELN/EDIL3/LAMC1/ECM1/LAMA5/FMOD/FBLN2/VCAN/LAMA1/COL12A1/CTHRC1/COL21A1/TGFBI/COMP/MMRN1/PXDN/MGP/BGN/MFAP4/EMILIN3/FGB/COL18A1/LAMA3/FBLN1/MATN2/MFAP2/LUM/TNC/POSTN/COL27A1/EMILIN1/DCN/AGRN/COL5A3/MFGE8/LAMB1/LTBP1/LAMB3/SPON1/HMCN2/COL6A2/HAPLN4/LTBP4/FBN2/LAMA4/MUC6	61
MF	GO:0048018	receptor ligand activity	57/252	491/18432	1.2996622163678e-36	1.58558790396871e-34	9.98687808366833e-35	GDF15/FGF9/IL1A/OGN/FBN1/IL17C/IL15/PTN/LEFTY1/FGF11/TNF/IL13/GAS6/CCL21/PDGFD/TNFSF12/PF4/EFEMP1/CCL4/PDGFA/FGF18/SEMA4B/EBI3/CLEC11A/CSF3/IGF1/CTF1/F2/WNT9A/TNFSF10/C1QTNF4/SEMA6C/NGF/CX3CL1/SEMA4A/CXCL14/TGFB1/GDF11/PDGFC/MDK/WNT4/CCL14/EPO/LIF/VEGFB/CLCF1/WNT5A/IGF2/LTB/SEMA4C/ARTN/CCL5/SPP1/CCL3/SEMA3C/TIMP1/TNFSF13	57
MF	GO:0030546	signaling receptor activator activity	57/252	498/18432	2.83900981861629e-36	2.30906131914125e-34	1.45436994216834e-34	GDF15/FGF9/IL1A/OGN/FBN1/IL17C/IL15/PTN/LEFTY1/FGF11/TNF/IL13/GAS6/CCL21/PDGFD/TNFSF12/PF4/EFEMP1/CCL4/PDGFA/FGF18/SEMA4B/EBI3/CLEC11A/CSF3/IGF1/CTF1/F2/WNT9A/TNFSF10/C1QTNF4/SEMA6C/NGF/CX3CL1/SEMA4A/CXCL14/TGFB1/GDF11/PDGFC/MDK/WNT4/CCL14/EPO/LIF/VEGFB/CLCF1/WNT5A/IGF2/LTB/SEMA4C/ARTN/CCL5/SPP1/CCL3/SEMA3C/TIMP1/TNFSF13	57
MF	GO:0004222	metalloendopeptidase activity	23/252	112/18432	7.61194331921657e-21	3.71462833977769e-19	2.33967099916973e-19	ADAMTS15/ADAMTS10/MMP7/ADAM10/ADAMTS7/ADAM11/ADAMTS19/ADAMTS8/ADAMTS6/MMP2/MMP24/ADAM28/ADAM12/ADAM9/MMP16/MMP25/ADAMTS12/MMP17/MMP23B/ADAMTS9/ADAM8/ADAMTS1/MMP15	23
MF	GO:0005539	glycosaminoglycan binding	30/252	237/18432	1.70066615900141e-20	6.91604237993907e-19	4.3560922669159e-19	PCOLCE/ADAMTS15/FGF9/EFEMP2/FBN1/PTN/LAMC2/PF4/TNXB/F2/ADAMTS8/SULF1/VCAN/SFRP1/HYAL2/COMP/BGN/MDK/VEGFB/CLEC3B/SERPINA10/POSTN/DCN/AGRN/RSPO3/COL5A3/ADAMTS1/HAPLN4/LTBP4/FSTL1	30
MF	GO:0005126	cytokine receptor binding	30/252	273/18432	1.00428388177292e-18	3.06306583940741e-17	1.92928219393219e-17	IL1A/LRG1/IL15/LEFTY1/TNF/IL13/CCL21/TNFSF12/PF4/CCL4/EBI3/CSF3/CTF1/TNFSF10/ECM1/S100A14/NGF/CX3CL1/PXDN/CXCL14/TGFB1/CCL14/EPO/LIF/VEGFB/CLCF1/LTB/CCL5/CCL3/TNFSF13	30
MF	GO:0005178	integrin binding	23/252	156/18432	1.88272667556074e-17	4.59385308836819e-16	2.89345362770387e-16	FBN1/ADAM10/PTN/ADAM11/TNXB/EDIL3/IGF1/ADAMTS8/LAMA5/ANXA7/LGALS8/TGFBI/COMP/ADAM9/CX3CL1/LAMA3/FBLN1/IGF2/EMILIN1/SPP1/MFGE8/LAMB1/LTBP4	23
MF	GO:0005518	collagen binding	17/252	69/18432	3.75211422443558e-17	8.32287155238437e-16	5.24218829442674e-16	PCOLCE/PODN/COL14A1/CTSS/TNXB/PDGFA/CTSK/TGFBI/COMP/ADAM9/C1QTNF1/LOX/LUM/DCN/COL5A3/SPARCL1/COL6A2	17
MF	GO:0050840	extracellular matrix binding	14/252	56/18432	1.93422453519482e-14	3.37107704705383e-13	2.1232840762289e-13	ADAMTS15/CTSS/ELN/ECM1/FBLN2/GPC1/TGFBI/ADAM9/PXDN/BGN/DCN/AGRN/SPP1/SPARCL1	14
MF	GO:0004866	endopeptidase inhibitor activity	20/252	180/18432	6.13435007741401e-13	9.97854279259346e-12	6.28501832492944e-12	CPAMD8/CSTB/GAS6/SERPINA3/SERPINF1/CST4/NGF/SERPINB1/CST3/SERPING1/CST7/ANXA2/CRIM1/SLPI/CST2/SERPINA10/SERPINF2/CST1/PZP/TIMP1	20
MF	GO:1901681	sulfur compound binding	23/252	270/18432	3.01554962732117e-12	3.87260057403351e-11	2.43917033567253e-11	PCOLCE/ADAMTS15/FGF9/EFEMP2/FBN1/PTN/LAMC2/PF4/TNXB/F2/ADAMTS8/SFRP1/COMP/MDK/VEGFB/CLEC3B/SERPINA10/POSTN/AGRN/RSPO3/COL5A3/ADAMTS1/FSTL1	23
MF	GO:0097493	structural molecule activity conferring elasticity	7/252	11/18432	2.5880496802343e-11	3.00706724751033e-10	1.89401129480806e-10	FBN1/ELN/LAMC1/FBLN2/EMILIN3/EMILIN1/FBN2	7
MF	GO:0048306	calcium-dependent protein binding	13/252	81/18432	7.0397319686932e-11	7.80770272891428e-10	4.91770749966128e-10	S100A6/S100A2/S100A4/S100A3/ANXA1/S100A14/ANXA7/S100A1/S100A10/ANXA2/ANXA4/S100A11/ANXA3	13
MF	GO:0031418	L-ascorbic acid binding	8/252	20/18432	1.1943473903161e-10	1.26704679668317e-09	7.98053633803892e-10	OGFOD2/PLOD2/EGLN1/PLOD3/OGFOD1/P4HTM/EGLN2/P4HA1	8
MF	GO:0030246	carbohydrate binding	20/252	275/18432	1.37168139952028e-09	1.33876104593179e-08	8.43223091915623e-09	FREM1/OGFOD2/PTN/LGALS9/PLOD2/EGLN1/CLEC11A/COLEC11/CLEC10A/PLOD3/LGALS2/LGALS8/VCAN/OGFOD1/CLEC2B/CLEC3B/P4HTM/EGLN2/P4HA1/COLEC12	20
MF	GO:0048029	monosaccharide binding	11/252	72/18432	3.63367350489864e-09	3.28376420442692e-08	2.068289792262e-08	OGFOD2/LGALS9/PLOD2/EGLN1/COLEC11/PLOD3/OGFOD1/P4HTM/EGLN2/P4HA1/COLEC12	11
MF	GO:0031543	peptidyl-proline dioxygenase activity	5/252	12/18432	3.36235242217389e-07	2.7347133033681e-06	1.7224682583768e-06	EGLN1/OGFOD1/P4HTM/EGLN2/P4HA1	5
MF	GO:0043236	laminin binding	6/252	28/18432	1.80129776398579e-06	1.33186864973495e-05	8.38881893275678e-06	CTSS/ECM1/GPC1/ADAM9/PXDN/AGRN	6
MF	GO:0019838	growth factor binding	11/252	132/18432	2.02319867656553e-06	1.45194257965291e-05	9.14510856899589e-06	KAZALD1/IGFBP2/PDGFA/GPC1/HYAL2/PXDN/LTBP3/LTBP1/TSKU/IGFBP6/LTBP4	11
MF	GO:0017171	serine hydrolase activity	13/252	196/18432	3.14448663411435e-06	2.07366145601054e-05	1.30610255641734e-05	F12/MMP7/CTSS/F2/HTRA3/MMP2/CTSA/CTSK/F10/PRSS12/CTSV/ADAM8/ST14	13
MF	GO:0002020	protease binding	11/252	139/18432	3.35759884996567e-06	2.12807324056851e-05	1.34037399966782e-05	CSTB/TNF/ECM1/ADAMTSL4/COMP/CST3/ANXA2/SERPINF2/FAM20C/PZP/TIMP1	11
MF	GO:0001968	fibronectin binding	6/252	31/18432	3.40142854025294e-06	2.12807324056851e-05	1.34037399966782e-05	FSTL3/CTSS/MMP2/CTSK/FBLN1/IGFBP6	6
MF	GO:0070851	growth factor receptor binding	11/252	140/18432	3.60045994158781e-06	2.19628056436856e-05	1.38333460913637e-05	FGF9/IL1A/PDGFD/EFEMP1/PDGFA/FGF18/CSF3/ECM1/PDGFC/VEGFB/ARTN	11
MF	GO:0043394	proteoglycan binding	6/252	36/18432	8.49776230360241e-06	4.93679524304521e-05	3.10945688302243e-05	CTSS/CTSK/COMP/TNC/AGRN/COL5A3	6
MF	GO:0030215	semaphorin receptor binding	5/252	23/18432	1.26301716434099e-05	6.69948234998264e-05	4.21969121267242e-05	SEMA4B/SEMA6C/SEMA4A/SEMA4C/SEMA3C	5
MF	GO:0044548	S100 protein binding	4/252	14/18432	3.0660279009359e-05	0.000152675675067012	9.61632811034677e-05	S100A6/S100A1/ANXA2/S100A11	4
MF	GO:0005544	calcium-dependent phospholipid binding	6/252	54/18432	9.17445493400197e-05	0.000407012182526633	0.000256357975189337	ANXA5/ANXA1/ANXA7/ANXA2/ANXA4/ANXA3	6
MF	GO:0031406	carboxylic acid binding	9/252	171/18432	0.000589455365394549	0.00247948170456765	0.00156170978803657	OGFOD2/PLOD2/EGLN1/PLOD3/OGFOD1/P4HTM/EGLN2/AGRN/P4HA1	9
MF	GO:0043177	organic acid binding	8/252	137/18432	0.000599546805612669	0.00247948170456765	0.00156170978803657	OGFOD2/PLOD2/EGLN1/PLOD3/OGFOD1/P4HTM/EGLN2/P4HA1	8
MF	GO:0017147	Wnt-protein binding	4/252	30/18432	0.000706820136640186	0.00287440188900342	0.00181045157806083	SFRP1/CTHRC1/SFRP4/SFRP5	4
MF	GO:0019842	vitamin binding	8/252	149/18432	0.00103818673420048	0.00402091370071298	0.00253258585118246	OGFOD2/PLOD2/EGLN1/PLOD3/OGFOD1/P4HTM/EGLN2/P4HA1	8
MF	GO:0005506	iron ion binding	8/252	153/18432	0.00123117952268289	0.00469387193022853	0.00295645082749511	OGFOD2/PLOD2/EGLN1/PLOD3/OGFOD1/P4HTM/EGLN2/P4HA1	8
MF	GO:0098641	cadherin binding involved in cell-cell adhesion	3/252	18/18432	0.001770145824506	0.00654417547241614	0.00412187065993424	ANXA1/ANXA2/S100A11	3
MF	GO:0005507	copper ion binding	4/252	61/18432	0.00968050174893858	0.0319194922532569	0.0201045982268141	IL1A/GPC1/LOX/LOXL1	4
MF	GO:0017154	semaphorin receptor activity	2/252	12/18432	0.0112264186074891	0.0360427123714124	0.0227016221148671	PLXNA3/PLXND1	2
MF	GO:0098631	cell adhesion mediator activity	4/252	64/18432	0.011419295522506	0.0361858195778112	0.0227917586641951	ANXA1/ANXA2/EMILIN1/S100A11	4
MF	GO:0005024	transforming growth factor beta receptor activity	2/252	13/18432	0.013148936093219	0.040104255084318	0.0252597982843418	LTBP1/LTBP4	2
MF	GO:0016004	phospholipase activator activity	2/252	14/18432	0.0152033946350189	0.0452393694017637	0.0284941670951574	CCL5/CCL3	2
MF	GO:0015929	hexosaminidase activity	2/252	15/18432	0.0173858567708221	0.0499076359068304	0.0314344902605576	HYAL2/HYAL3	2
